"0","#Creation d'un dataframe contenant les donnees du Niger"
"0","Niger <- subset(df,`Region Name`  ==""Niger"")"
"0",""
"0","#Ce code crée un nouveau dataframe appelé ""Niger"" en extrayant "
"0","#toutes les lignes du dataframe 'df' où la valeur "
"0","#de la colonne ""Region Name"" est ""Niger""."
"0",""
"0","# Creation d'un dataframe de l'évolution de la croissance par année du Niger "
"0","NIGER= aggregate(Niger$Value~Niger$`End Year`,data=Niger,FUN=mean)"
"0","# Renommer les variables"
"0","colnames(NIGER)[colnames(NIGER) == ""Niger$`End Year`""] <- ""Annee"""
"0","colnames(NIGER)[colnames(NIGER) == ""Niger$Value""] <- ""croissance """
