"0","#CREATION D4UNE BASE DE DONNEES LES PAYS DE L'AFRIQUE DE L'OEST"
"0","# Sélection des pays concernées "
"0","pays_ouest <- c('Benin', 'Burkina Faso', 'Cabo Verde', 'Côte d’Ivoire','Gambia', 'Ghana', 'Guinea', 'Equatorial Guinea', 'Mali', 'Mauritania', 'Niger', 'Nigeria', 'Senegal', 'Sierra Leone')"
"0",""
"0","# Sélectionner les lignes comportant les pays recherchés"
"0","ouest  <- df[df$`Region Name` %in% pays_ouest, ]"
"0",""
"0","# nouvequ data frame des l'évolution des pays de la croissance par année de l'afrique de l'ouest "
"0","Ouest= aggregate(ouest$Value~ouest$`End Year`,data=ouest,FUN=mean)"
"0","# Renommer les variables"
"0","colnames(Ouest)[colnames(Ouest) == ""ouest$`End Year`""] <- ""Année"""
"0","colnames(Ouest)[colnames(Ouest) == ""ouest$Value""] <- ""croissance """
