"0","########################################################LE NIGER ########"
"0",""
"0",""
"0","Niger <- subset(df,`Region Name`  ==""Niger"")"
"0","# nouvequ data frame des l'évolution des pays de la croissance par année de l'afrique de l'ouest "
"0","NIGER= aggregate(Niger$Value~Niger$`End Year`,data=Niger,FUN=mean)"
"0","# Renommer les variables"
"0","colnames(NIGER)[colnames(NIGER) == ""Niger$`End Year`""] <- ""Année"""
"0","colnames(NIGER)[colnames(NIGER) == ""Niger$Value""] <- ""croissance """
