"0","#Creation d'un dataframe contenant les pays de l'Afrique de l'Ouest"
"0","# Sélection des pays concernées "
"0","pays_ouest <- c('Benin', 'Burkina Faso', 'Cabo Verde', 'Côte d’Ivoire','Gambia', 'Ghana', 'Guinea', 'Equatorial Guinea', 'Mali', 'Mauritania', 'Niger', 'Nigeria', 'Senegal', 'Sierra Leone')"
"0",""
"0","#Cette ligne crée un vecteur en utilisant la fonction 'c()'."
"0","#La fonction 'c()' concatène les noms des pays de l'Afrique de l'Ouest. "
"0","#Chaque nom de pays est une chaîne de caractères (encadrée par des apostrophes ou des guillemets) "
"0","#et est séparé par une virgule.ils sont maintenant stockés dasn l'objet 'pays_ouest'."
"0",""
"0",""
"0",""
"0","# Sélectionner les lignes comportant les pays recherchés"
"0","ouest  <- df[df$`Region Name` %in% pays_ouest, ]"
"0",""
"0","#Cette ligne de code extrait les lignes du dataframe 'df' "
"0","#qui correspondent aux pays de l'Afrique de l'Ouest définis "
"0","#dans le vecteur pays_ouest du dataframe. Les lignes extraites sont assignées "
"0","#au nouveau dataframe 'ouest', qui contient maintenant les données uniquement "
"0","#pour les pays de l'Afrique de l'Ouest."
"0",""
"0","# creation d'un dataframe de la croissance par année des pays de l'Afrique de l'Ouest "
"0","Ouest= aggregate(ouest$Value~ouest$`End Year`,data=ouest,FUN=mean)"
"0",""
"0","#Cette ligne de code crée un nouveau dataframe appelé Ouest "
"0","#en agrégeant les données de la colonne ""Value"" du dataframe ouest par année, "
"0","#en calculant la moyenne des valeurs pour chaque année unique spécifiée "
"0","#dans la colonne ""End Year"".le dataframe 'Ouest' contient les valeurs agrégées."
"0",""
"0",""
"0","# Renommer les variables"
"0","colnames(Ouest)[colnames(Ouest) == ""ouest$`End Year`""] <- ""Annee"""
"0","colnames(Ouest)[colnames(Ouest) == ""ouest$Value""] <- ""croissance """
"0",""
"0","#Cette ligne de code renomme les colonnes ""End Year"" et ""Value"" "
"0","#dans le dataframe Ouest en ""Année"" et ""croissance"", respectivement. "
