"0","# Créer une seule data frame combinée avec une colonne pour identifier les groupes"
"0","df_mondiale$Groupe <-'World'"
"0","Ouest$Groupe <- 'Western Africa'"
"0","NIGER$Groupe <- 'Niger'"
"0",""
"0","# Combinez les data frames"
"0","df_combined <-rbind(df_mondiale, Ouest, NIGER)"
"0",""
"0","library(ggplot2)"
"0","    "
"0"," # Charger les données"
"0","    data <- df_combined"
"0","    "
"0","    # Créer un exemple de données"
"0","    Data <- data.frame("
"0","      Year = data$Annee,"
"0","      Value = data$`croissance `,"
"0","      Region = data$Groupe)"
"0","    "
"0","    # Utiliser ggplot pour créer le graphique avec des lignes et des points"
"0","    p <- ggplot(Data, aes(x = Year, y = Value, color = Region, group = Region)) +"
"0","      geom_line(show.legend = FALSE) + # Supprimer la légende pour les lignes"
"0","      geom_point() + # Ajouter des points"
"0","      theme_minimal() + # Utiliser un thème minimaliste"
"0","      labs(title = ""Income growth and distribution(Gini index"","
"0","           x = """", # Supprimer l'étiquette en abscisse"
"0","           y = """", # Supprimer l'étiquette en ordonnées"
"0","           color = """") + # Enlever la mention ""Région"""
"0","      scale_x_continuous(breaks = seq(1970, 2020, by = 10)) +"
"0","      scale_color_manual(values = c( ""#0077be"", ""black"",""grey"")) + # Définir les couleurs manuellement"
"0","      guides(color = guide_legend(override.aes = list(size = 3) ) ) # Remplacer les traits par des points de cercles colorés"
"0","    "
"0","    # Afficher le graphique avec la légende en haut"
"0","    p + theme(legend.position = ""top"", legend.justification = ""left"")"
