{"chunk_definitions":[{"row":12,"row_count":1,"visible":true,"expansion_state":0,"options":{"engine":"r","label":"setup","include":false,"dev":"png"},"document_id":"FF87B0A3","chunk_id":"csetup_chunk","chunk_label":"setup"},{"row":21,"row_count":1,"visible":true,"expansion_state":0,"options":{"engine":"r","label":"unnamed-chunk-164","dev":"png"},"document_id":"FF87B0A3","chunk_id":"cc7eu5xqwoac5","chunk_label":"unnamed-chunk-1"},{"row":27,"row_count":1,"visible":true,"expansion_state":0,"options":{"engine":"r","label":"unnamed-chunk-175","dev":"png"},"document_id":"FF87B0A3","chunk_id":"c10gghr1mpxoa","chunk_label":"unnamed-chunk-2"},{"row":39,"row_count":1,"visible":true,"expansion_state":0,"options":{"engine":"r","label":"unnamed-chunk-236","dev":"png"},"document_id":"FF87B0A3","chunk_id":"ckqhmmcoejz5z","chunk_label":"unnamed-chunk-4"},{"row":59,"row_count":1,"visible":true,"expansion_state":0,"options":{"engine":"r","label":"unnamed-chunk-237","dev":"png"},"document_id":"FF87B0A3","chunk_id":"ci5otpsk9vifo","chunk_label":"unnamed-chunk-5"},{"row":99,"row_count":1,"visible":true,"expansion_state":0,"options":{"engine":"r","label":"unnamed-chunk-238","dev":"png"},"document_id":"FF87B0A3","chunk_id":"clkxkhjnx228c","chunk_label":"unnamed-chunk-6"},{"row":115,"row_count":1,"visible":true,"expansion_state":0,"options":{"engine":"r","label":"unnamed-chunk-239","dev":"png"},"document_id":"FF87B0A3","chunk_id":"clgmaswrjhmkz","chunk_label":"unnamed-chunk-7"},{"row":153,"row_count":1,"visible":true,"expansion_state":0,"options":{"engine":"r","label":"unnamed-chunk-246","dev":"png"},"document_id":"FF87B0A3","chunk_id":"cg2c7t7mwcqa5","chunk_label":"unnamed-chunk-8"}],"doc_write_time":1714211069,"working_dir":null,"default_chunk_options":{"echo":true,"warning":false,"message":false},"chunk_rendered_width":700}