{"chunk_definitions":[{"row":14,"row_count":1,"visible":true,"expansion_state":0,"options":{"engine":"r","label":"setup","include":false,"dev":"png"},"document_id":"FF87B0A3","chunk_id":"csetup_chunk","chunk_label":"setup"},{"row":23,"row_count":1,"visible":true,"expansion_state":0,"options":{"engine":"r","label":"unnamed-chunk-164","dev":"png"},"document_id":"FF87B0A3","chunk_id":"cc7eu5xqwoac5","chunk_label":"unnamed-chunk-1"},{"row":29,"row_count":1,"visible":true,"expansion_state":0,"options":{"engine":"r","label":"unnamed-chunk-175","dev":"png"},"document_id":"FF87B0A3","chunk_id":"c10gghr1mpxoa","chunk_label":"unnamed-chunk-2"},{"row":38,"row_count":1,"visible":true,"expansion_state":0,"options":{"engine":"r","label":"unnamed-chunk-177","dev":"png"},"document_id":"FF87B0A3","chunk_id":"cn2vj7uqat1v8","chunk_label":"unnamed-chunk-3"},{"row":44,"row_count":1,"visible":true,"expansion_state":0,"options":{"engine":"r","label":"unnamed-chunk-178","dev":"png"},"document_id":"FF87B0A3","chunk_id":"cfue6k0cg87pa","chunk_label":"unnamed-chunk-4"},{"row":50,"row_count":1,"visible":true,"expansion_state":0,"options":{"engine":"r","label":"unnamed-chunk-179","dev":"png"},"document_id":"FF87B0A3","chunk_id":"ct6bm1vxxm6qt","chunk_label":"unnamed-chunk-5"},{"row":54,"row_count":1,"visible":true,"expansion_state":0,"options":{"engine":"r","label":"unnamed-chunk-180","dev":"png"},"document_id":"FF87B0A3","chunk_id":"c3m4tuqqo8fkg","chunk_label":"unnamed-chunk-6"},{"row":74,"row_count":1,"visible":true,"expansion_state":0,"options":{"engine":"r","label":"unnamed-chunk-182","dev":"png"},"document_id":"FF87B0A3","chunk_id":"cu5ma3thcadla","chunk_label":"unnamed-chunk-7"},{"row":114,"row_count":1,"visible":true,"expansion_state":0,"options":{"engine":"r","label":"unnamed-chunk-185","dev":"png"},"document_id":"FF87B0A3","chunk_id":"c6bnz3omgom3g","chunk_label":"unnamed-chunk-8"},{"row":130,"row_count":1,"visible":true,"expansion_state":0,"options":{"engine":"r","label":"unnamed-chunk-186","dev":"png"},"document_id":"FF87B0A3","chunk_id":"c6l7takezsqfy","chunk_label":"unnamed-chunk-9"},{"row":169,"row_count":1,"visible":true,"expansion_state":0,"options":{"engine":"r","label":"unnamed-chunk-188","dev":"png"},"document_id":"FF87B0A3","chunk_id":"coy3gvg1ffe4d","chunk_label":"unnamed-chunk-10"},{"row":193,"row_count":1,"visible":true,"expansion_state":0,"options":{"engine":"r","label":"unnamed-chunk-174","dev":"png"},"document_id":"FF87B0A3","chunk_id":"ca38nro4wwbzh","chunk_label":"unnamed-chunk-11"}],"doc_write_time":1714164930,"working_dir":null,"default_chunk_options":{"echo":true,"warning":false,"message":false},"chunk_rendered_width":700}