"0","#Creation d'un dataframe pour le monde "
"0","df_mondiale <- aggregate(df$Value~df$`End Year`,data=df,FUN=mean)"
"0",""
"0","#Cette ligne de code effectue une agrégation des données contenues "
"0","#dans le dataframe 'df' en calculant la moyenne des valeurs "
"0","#de la colonne ""Value"" pour chaque année spécifique présente "
"0","#dans la colonne ""End Year"".Le dataframe résultant, ici 'df_mondiale', "
"0","#contient les valeurs agrégées. "
"0","#Chaque ligne du dataframe a la moyenne des valeurs de la colonne ""Value"" "
"0","#pour chaque année unique spécifiée dans la colonne ""End Year"""
"0",""
"0","# Renommer les variables"
"0","colnames(df_mondiale)[colnames(df_mondiale) == ""df$`End Year`""] <- ""Année"""
"0","colnames(df_mondiale)[colnames(df_mondiale) == ""df$Value""] <- ""croissance """
"0",""
"0","# Cette ligne de code renomme les colonnes ""End Year"" et ""Value"" "
"0","#dans le dataframe 'df_mondiale' en ""Année"" et ""croissance"", respectivemen."
